aaa.com/, travel, yes, yes, 60201, hashing, post, datacloud.tealiumiq.com, requires_authentication
aaa.com/, travel, yes, yes, 60201, hashing, get, 11755770.fls.doubleclick.net, requires_authentication
aaa.com/, travel, yes, yes, 60201, hashing, post, bf07215iki.bf.dynatrace.com, requires_authentication
aaa.com/, travel, yes, yes, 60201, hashing, get, smetrics.aaasouth.com, requires_authentication
aaa.com/, travel, yes, yes, 60201, hashing, post, 17de4c13.akstat.io, requires_authentication
aaa.com/, travel, yes, yes, Illinois, hashing, post, datacloud.tealiumiq.com, requires_authentication
aaa.com/, travel, yes, yes, Illinois, hashing, get, googleads.g.doubleclick.net, requires_authentication
aaa.com/, travel, yes, yes, Illinois, hashing, get, bat.bing.com, requires_authentication
aaa.com/, travel, yes, yes, Illinois, hashing, get, www.google.com, requires_authentication
aaa.com/, travel, yes, yes, Illinois, hashing, get, www.facebook.com, requires_authentication
aaa.com/, travel, yes, yes, Illinois, hashing, post, bf07215iki.bf.dynatrace.com, requires_authentication
