mountain.com/, travel, yes, yes, roger, hashing, post, api-iam.intercom.io, requires_authentication
mountain.com/, travel, yes, yes, roger, hashing, get, www.woopra.com, requires_authentication
mountain.com/, travel, yes, yes, roger, hashing, post, api.segment.io, requires_authentication
mountain.com/, travel, yes, yes, roger, hashing, post, www.woopra.com, requires_authentication
mountain.com/, travel, yes, yes, nadal, hashing, post, api-iam.intercom.io, requires_authentication
mountain.com/, travel, yes, yes, nadal, hashing, get, www.woopra.com, requires_authentication
mountain.com/, travel, yes, yes, nadal, hashing, post, api.segment.io, requires_authentication
mountain.com/, travel, yes, yes, nadal, hashing, post, www.woopra.com, requires_authentication
mountain.com/, travel, yes, yes, rogernadal, hashing, post, api-iam.intercom.io, requires_authentication
mountain.com/, travel, yes, yes, rogernadal, hashing, get, www.woopra.com, requires_authentication
mountain.com/, travel, yes, yes, rogernadal, hashing, post, api.segment.io, requires_authentication
mountain.com/, travel, yes, yes, rogernadal, hashing, post, www.woopra.com, requires_authentication
mountain.com/, travel, yes, yes, rogernadal322, hashing, post, api-iam.intercom.io, requires_authentication
mountain.com/, travel, yes, yes, rogernadal322, hashing, get, www.woopra.com, requires_authentication
mountain.com/, travel, yes, yes, rogernadal322, hashing, post, api.segment.io, requires_authentication
mountain.com/, travel, yes, yes, rogernadal322, hashing, post, www.woopra.com, requires_authentication
mountain.com/, travel, yes, yes, rogernadal322@gmail.com, hashing, post, api.segment.io, requires_authentication
mountain.com/, travel, yes, yes, rogernadal322@gmail.com, hashing, post, www.woopra.com, requires_authentication
mountain.com/, travel, yes, yes, 60201, hashing, get, heapanalytics.com, requires_authentication
