cnbc.com/, general news, yes, yes, roger, hashing, post, identity.mparticle.com, requires_authentication
cnbc.com/, general news, yes, yes, roger, hashing, post, jssdks.mparticle.com, requires_authentication
cnbc.com/, general news, yes, yes, nadal, hashing, post, identity.mparticle.com, requires_authentication
cnbc.com/, general news, yes, yes, nadal, hashing, post, jssdks.mparticle.com, requires_authentication
cnbc.com/, general news, yes, yes, rogernadal, hashing, post, identity.mparticle.com, requires_authentication
cnbc.com/, general news, yes, yes, rogernadal, hashing, post, jssdks.mparticle.com, requires_authentication
cnbc.com/, general news, yes, yes, rogernadal322, hashing, post, identity.mparticle.com, requires_authentication
cnbc.com/, general news, yes, yes, rogernadal322, hashing, post, jssdks.mparticle.com, requires_authentication
cnbc.com/, general news, yes, yes, rogernadal322@gmail.com, hashing, post, identity.mparticle.com, requires_authentication
cnbc.com/, general news, yes, yes, rogernadal322@gmail.com, hashing, post, jssdks.mparticle.com, requires_authentication
cnbc.com/, general news, yes, yes, eba23eb9253d668bc24763ce39c4a3b51c5cdd8fd25b1c680cbd0cf2294e8039, hashing, get, www.facebook.com, requires_authentication
