corriere.it/, general news, yes, yes, roger, hashing, post, sslweb.rcs.it, requires_authentication
corriere.it/, general news, yes, yes, cm9nZX, hashing, get, inapp.rcs.it, requires_authentication
corriere.it/, general news, yes, yes, nadal, hashing, post, sslweb.rcs.it, requires_authentication
corriere.it/, general news, yes, yes, bmFkYW, hashing, get, inapp.rcs.it, requires_authentication
corriere.it/, general news, yes, yes, rogernadal, hashing, post, sslweb.rcs.it, requires_authentication
corriere.it/, general news, yes, yes, rogernadal322, hashing, post, sslweb.rcs.it, requires_authentication
corriere.it/, general news, yes, yes, rogernadal322@gmail.com, hashing, post, sslweb.rcs.it, requires_authentication
corriere.it/, general news, yes, yes, cm9nZXJuYWRhbDMyMkBnbWFpbC5jb2, hashing, get, inapp.rcs.it, requires_authentication
corriere.it/, general news, yes, yes, 123Andy#!000, hashing, post, sslweb.rcs.it, requires_authentication
corriere.it/, general news, yes, yes, 60201, hashing, post, api.permutive.com, requires_authentication
corriere.it/, general news, yes, yes, Evanston, hashing, post, api.permutive.com, requires_authentication
corriere.it/, general news, yes, yes, Illinois, hashing, post, api.permutive.com, requires_authentication
