hindustantimes.com/, general news, yes, yes, roger, hashing, get, images.livemint.com, requires_authentication
hindustantimes.com/, general news, yes, yes, roger, hashing, referer, images.livemint.com, requires_authentication
hindustantimes.com/, general news, yes, yes, roger, hashing, get, c.webengage.com, requires_authentication
hindustantimes.com/, general news, yes, yes, roger, hashing, get, www.livemint.com, requires_authentication
hindustantimes.com/, general news, yes, yes, roger, hashing, get, images1.livehindustan.com, requires_authentication
hindustantimes.com/, general news, yes, yes, roger, hashing, get, www.livehindustan.com, requires_authentication
hindustantimes.com/, general news, yes, yes, roger, hashing, cookie, images1.livehindustan.com, requires_authentication
hindustantimes.com/, general news, yes, yes, roger, hashing, get, www.healthshots.com, requires_authentication
hindustantimes.com/, general news, yes, yes, roger, hashing, get, images.ottplay.com, requires_authentication
hindustantimes.com/, general news, yes, yes, roger, hashing, get, images.slurrp.com, requires_authentication
hindustantimes.com/, general news, yes, yes, roger, hashing, get, www.htsmartcast.com, requires_authentication
hindustantimes.com/, general news, yes, yes, roger, hashing, get, images.htreaders.com, requires_authentication
hindustantimes.com/, general news, yes, yes, nadal, hashing, get, images.livemint.com, requires_authentication
hindustantimes.com/, general news, yes, yes, nadal, hashing, referer, images.livemint.com, requires_authentication
hindustantimes.com/, general news, yes, yes, nadal, hashing, get, c.webengage.com, requires_authentication
hindustantimes.com/, general news, yes, yes, nadal, hashing, get, www.livemint.com, requires_authentication
hindustantimes.com/, general news, yes, yes, nadal, hashing, get, images1.livehindustan.com, requires_authentication
hindustantimes.com/, general news, yes, yes, nadal, hashing, get, www.livehindustan.com, requires_authentication
hindustantimes.com/, general news, yes, yes, nadal, hashing, cookie, images1.livehindustan.com, requires_authentication
hindustantimes.com/, general news, yes, yes, nadal, hashing, get, www.healthshots.com, requires_authentication
hindustantimes.com/, general news, yes, yes, nadal, hashing, get, images.ottplay.com, requires_authentication
hindustantimes.com/, general news, yes, yes, nadal, hashing, get, images.slurrp.com, requires_authentication
hindustantimes.com/, general news, yes, yes, nadal, hashing, get, www.htsmartcast.com, requires_authentication
hindustantimes.com/, general news, yes, yes, nadal, hashing, get, images.htreaders.com, requires_authentication
hindustantimes.com/, general news, yes, yes, rogernadal, hashing, get, images.livemint.com, requires_authentication
hindustantimes.com/, general news, yes, yes, rogernadal, hashing, referer, images.livemint.com, requires_authentication
hindustantimes.com/, general news, yes, yes, rogernadal, hashing, get, c.webengage.com, requires_authentication
hindustantimes.com/, general news, yes, yes, rogernadal, hashing, get, www.livemint.com, requires_authentication
hindustantimes.com/, general news, yes, yes, rogernadal, hashing, get, images1.livehindustan.com, requires_authentication
hindustantimes.com/, general news, yes, yes, rogernadal, hashing, get, www.livehindustan.com, requires_authentication
hindustantimes.com/, general news, yes, yes, rogernadal, hashing, cookie, images1.livehindustan.com, requires_authentication
hindustantimes.com/, general news, yes, yes, rogernadal, hashing, get, www.healthshots.com, requires_authentication
hindustantimes.com/, general news, yes, yes, rogernadal, hashing, get, images.ottplay.com, requires_authentication
hindustantimes.com/, general news, yes, yes, rogernadal, hashing, get, images.slurrp.com, requires_authentication
hindustantimes.com/, general news, yes, yes, rogernadal, hashing, get, www.htsmartcast.com, requires_authentication
hindustantimes.com/, general news, yes, yes, rogernadal, hashing, get, images.htreaders.com, requires_authentication
hindustantimes.com/, general news, yes, yes, rogernadal322, hashing, get, images.livemint.com, requires_authentication
hindustantimes.com/, general news, yes, yes, rogernadal322, hashing, referer, images.livemint.com, requires_authentication
hindustantimes.com/, general news, yes, yes, rogernadal322, hashing, get, c.webengage.com, requires_authentication
hindustantimes.com/, general news, yes, yes, rogernadal322, hashing, get, www.livemint.com, requires_authentication
hindustantimes.com/, general news, yes, yes, rogernadal322, hashing, get, images1.livehindustan.com, requires_authentication
hindustantimes.com/, general news, yes, yes, rogernadal322, hashing, get, www.livehindustan.com, requires_authentication
hindustantimes.com/, general news, yes, yes, rogernadal322, hashing, cookie, images1.livehindustan.com, requires_authentication
hindustantimes.com/, general news, yes, yes, rogernadal322, hashing, get, www.healthshots.com, requires_authentication
hindustantimes.com/, general news, yes, yes, rogernadal322, hashing, get, images.ottplay.com, requires_authentication
hindustantimes.com/, general news, yes, yes, rogernadal322, hashing, get, images.slurrp.com, requires_authentication
hindustantimes.com/, general news, yes, yes, rogernadal322, hashing, get, www.htsmartcast.com, requires_authentication
hindustantimes.com/, general news, yes, yes, rogernadal322, hashing, get, images.htreaders.com, requires_authentication
hindustantimes.com/, general news, yes, yes, eba23eb9253d668bc24763ce39c4a3b51c5cdd8fd25b1c680cbd0cf2294e8039, hashing, get, datahash.livemint.com, requires_authentication
hindustantimes.com/, general news, yes, yes, eba23eb9253d668bc24763ce39c4a3b51c5cdd8fd25b1c680cbd0cf2294e8039, hashing, get, www.facebook.com, requires_authentication
hindustantimes.com/, general news, yes, yes, 60201, hashing, get, use1.smartadserver.com, requires_authentication
hindustantimes.com/, general news, yes, yes, 60201, hashing, get, ny1-bid.adsrvr.org, requires_authentication
hindustantimes.com/, general news, yes, yes, Illinois, hashing, get, cdn.flashtalking.com, requires_authentication
