indianexpress.com/, general news, yes, yes, 4387134784cf3aa4245b7fcf4ac045d0a449524e98ba5dab4955ff4631e89df9, hashing, get, www.facebook.com, requires_authentication
indianexpress.com/, general news, yes, yes, d25f53f62e6bbd6d63180b1048c19ec336fe6649ecdf5d18a31c2149d450a161, hashing, get, www.facebook.com, requires_authentication
indianexpress.com/, general news, yes, yes, eba23eb9253d668bc24763ce39c4a3b51c5cdd8fd25b1c680cbd0cf2294e8039, hashing, get, www.facebook.com, requires_authentication
indianexpress.com/, general news, yes, yes, 60201, hashing, get, api.b2c.com, requires_authentication
indianexpress.com/, general news, yes, yes, roger, hashing, post, sdk-03.moengage.com, requires_authentication
indianexpress.com/, general news, yes, yes, 4387134784cf3aa4245b7fcf4ac045d0a449524e98ba5dab4955ff4631e89df9, hashing, get, www.facebook.com, requires_authentication
indianexpress.com/, general news, yes, yes, nadal, hashing, post, sdk-03.moengage.com, requires_authentication
indianexpress.com/, general news, yes, yes, d25f53f62e6bbd6d63180b1048c19ec336fe6649ecdf5d18a31c2149d450a161, hashing, get, www.facebook.com, requires_authentication
indianexpress.com/, general news, yes, yes, rogernadal, hashing, post, sdk-03.moengage.com, requires_authentication
indianexpress.com/, general news, yes, yes, rogernadal322, hashing, post, sdk-03.moengage.com, requires_authentication
indianexpress.com/, general news, yes, yes, rogernadal322@gmail.com, hashing, post, sdk-03.moengage.com, requires_authentication
indianexpress.com/, general news, yes, yes, eba23eb9253d668bc24763ce39c4a3b51c5cdd8fd25b1c680cbd0cf2294e8039, hashing, get, www.facebook.com, requires_authentication
indianexpress.com/, general news, yes, yes, 60201, hashing, get, api.b2c.com, requires_authentication
