nbcnews.com/, general news, yes, yes, roger, hashing, get, api.zerobounce.net, requires_authentication
nbcnews.com/, general news, yes, yes, roger, hashing, post, map.mp.nbc.com, requires_authentication
nbcnews.com/, general news, yes, yes, roger, hashing, post, identity.mparticle.com, requires_authentication
nbcnews.com/, general news, yes, yes, roger, hashing, post, api.sail-track.com, requires_authentication
nbcnews.com/, general news, yes, yes, roger, hashing, post, jssdks.mparticle.com, requires_authentication
nbcnews.com/, general news, yes, yes, nadal, hashing, get, api.zerobounce.net, requires_authentication
nbcnews.com/, general news, yes, yes, nadal, hashing, post, map.mp.nbc.com, requires_authentication
nbcnews.com/, general news, yes, yes, nadal, hashing, post, identity.mparticle.com, requires_authentication
nbcnews.com/, general news, yes, yes, nadal, hashing, post, api.sail-track.com, requires_authentication
nbcnews.com/, general news, yes, yes, nadal, hashing, post, jssdks.mparticle.com, requires_authentication
nbcnews.com/, general news, yes, yes, rogernadal, hashing, get, api.zerobounce.net, requires_authentication
nbcnews.com/, general news, yes, yes, rogernadal, hashing, post, map.mp.nbc.com, requires_authentication
nbcnews.com/, general news, yes, yes, rogernadal, hashing, post, identity.mparticle.com, requires_authentication
nbcnews.com/, general news, yes, yes, rogernadal, hashing, post, api.sail-track.com, requires_authentication
nbcnews.com/, general news, yes, yes, rogernadal, hashing, post, jssdks.mparticle.com, requires_authentication
nbcnews.com/, general news, yes, yes, rogernadal322, hashing, get, api.zerobounce.net, requires_authentication
nbcnews.com/, general news, yes, yes, rogernadal322, hashing, post, map.mp.nbc.com, requires_authentication
nbcnews.com/, general news, yes, yes, rogernadal322, hashing, post, identity.mparticle.com, requires_authentication
nbcnews.com/, general news, yes, yes, rogernadal322, hashing, post, api.sail-track.com, requires_authentication
nbcnews.com/, general news, yes, yes, rogernadal322, hashing, post, jssdks.mparticle.com, requires_authentication
nbcnews.com/, general news, yes, yes, rogernadal322@gmail.com, hashing, post, map.mp.nbc.com, requires_authentication
nbcnews.com/, general news, yes, yes, rogernadal322@gmail.com, hashing, post, identity.mparticle.com, requires_authentication
nbcnews.com/, general news, yes, yes, rogernadal322@gmail.com, hashing, post, api.sail-track.com, requires_authentication
nbcnews.com/, general news, yes, yes, rogernadal322@gmail.com, hashing, post, jssdks.mparticle.com, requires_authentication
