npr.org/, general news, yes, yes, roger, hashing, get, profiles.publicmediasignin.org, requires_authentication
npr.org/, general news, yes, yes, roger, hashing, post, profiles.publicmediasignin.org, requires_authentication
npr.org/, general news, yes, yes, nadal, hashing, get, profiles.publicmediasignin.org, requires_authentication
npr.org/, general news, yes, yes, nadal, hashing, post, profiles.publicmediasignin.org, requires_authentication
npr.org/, general news, yes, yes, rogernadal, hashing, get, profiles.publicmediasignin.org, requires_authentication
npr.org/, general news, yes, yes, rogernadal, hashing, post, profiles.publicmediasignin.org, requires_authentication
npr.org/, general news, yes, yes, rogernadal322, hashing, get, profiles.publicmediasignin.org, requires_authentication
npr.org/, general news, yes, yes, rogernadal322, hashing, post, profiles.publicmediasignin.org, requires_authentication
npr.org/, general news, yes, yes, 60201, hashing, post, api.permutive.com, requires_authentication
npr.org/, general news, yes, yes, Evanston, hashing, post, api.permutive.com, requires_authentication
npr.org/, general news, yes, yes, Illinois, hashing, post, api.permutive.com, requires_authentication
