smh.com.au/, general news, yes, yes, roger, hashing, get, auth.myfairfax.com.au, requires_authentication
smh.com.au/, general news, yes, yes, roger, hashing, post, auth.myfairfax.com.au, requires_authentication
smh.com.au/, general news, yes, yes, roger, hashing, post, smh.myfairfax.com.au, requires_authentication
smh.com.au/, general news, yes, yes, nadal, hashing, get, auth.myfairfax.com.au, requires_authentication
smh.com.au/, general news, yes, yes, nadal, hashing, post, auth.myfairfax.com.au, requires_authentication
smh.com.au/, general news, yes, yes, nadal, hashing, post, smh.myfairfax.com.au, requires_authentication
smh.com.au/, general news, yes, yes, rogernadal, hashing, get, auth.myfairfax.com.au, requires_authentication
smh.com.au/, general news, yes, yes, rogernadal, hashing, post, auth.myfairfax.com.au, requires_authentication
smh.com.au/, general news, yes, yes, rogernadal, hashing, post, smh.myfairfax.com.au, requires_authentication
smh.com.au/, general news, yes, yes, rogernadal322, hashing, get, auth.myfairfax.com.au, requires_authentication
smh.com.au/, general news, yes, yes, rogernadal322, hashing, post, auth.myfairfax.com.au, requires_authentication
smh.com.au/, general news, yes, yes, rogernadal322, hashing, post, smh.myfairfax.com.au, requires_authentication
