viki.com/, entertainment, yes, yes, roger, hashing, get, colvk.viki.io, requires_authentication
viki.com/, entertainment, yes, yes, roger, hashing, get, googleads.g.doubleclick.net, requires_authentication
viki.com/, entertainment, yes, yes, roger, hashing, get, t.co, requires_authentication
viki.com/, entertainment, yes, yes, roger, hashing, get, analytics.twitter.com, requires_authentication
viki.com/, entertainment, yes, yes, roger, hashing, get, www.google.com, requires_authentication
viki.com/, entertainment, yes, yes, roger, hashing, get, www.facebook.com, requires_authentication
viki.com/, entertainment, yes, yes, roger, hashing, get, pixel.quantserve.com, requires_authentication
viki.com/, entertainment, yes, yes, 4387134784cf3aa4245b7fcf4ac045d0a449524e98ba5dab4955ff4631e89df9, hashing, get, www.facebook.com, requires_authentication
viki.com/, entertainment, yes, yes, nadal, hashing, get, colvk.viki.io, requires_authentication
viki.com/, entertainment, yes, yes, nadal, hashing, get, googleads.g.doubleclick.net, requires_authentication
viki.com/, entertainment, yes, yes, nadal, hashing, get, t.co, requires_authentication
viki.com/, entertainment, yes, yes, nadal, hashing, get, analytics.twitter.com, requires_authentication
viki.com/, entertainment, yes, yes, nadal, hashing, get, www.google.com, requires_authentication
viki.com/, entertainment, yes, yes, nadal, hashing, get, www.facebook.com, requires_authentication
viki.com/, entertainment, yes, yes, nadal, hashing, get, pixel.quantserve.com, requires_authentication
viki.com/, entertainment, yes, yes, rogernadal, hashing, get, colvk.viki.io, requires_authentication
viki.com/, entertainment, yes, yes, rogernadal, hashing, get, googleads.g.doubleclick.net, requires_authentication
viki.com/, entertainment, yes, yes, rogernadal, hashing, get, t.co, requires_authentication
viki.com/, entertainment, yes, yes, rogernadal, hashing, get, analytics.twitter.com, requires_authentication
viki.com/, entertainment, yes, yes, rogernadal, hashing, get, www.google.com, requires_authentication
viki.com/, entertainment, yes, yes, rogernadal, hashing, get, www.facebook.com, requires_authentication
viki.com/, entertainment, yes, yes, rogernadal, hashing, get, pixel.quantserve.com, requires_authentication
viki.com/, entertainment, yes, yes, rogernadal322, hashing, get, colvk.viki.io, requires_authentication
viki.com/, entertainment, yes, yes, rogernadal322, hashing, get, googleads.g.doubleclick.net, requires_authentication
viki.com/, entertainment, yes, yes, rogernadal322, hashing, get, t.co, requires_authentication
viki.com/, entertainment, yes, yes, rogernadal322, hashing, get, analytics.twitter.com, requires_authentication
viki.com/, entertainment, yes, yes, rogernadal322, hashing, get, www.google.com, requires_authentication
viki.com/, entertainment, yes, yes, rogernadal322, hashing, get, www.facebook.com, requires_authentication
viki.com/, entertainment, yes, yes, rogernadal322, hashing, get, pixel.quantserve.com, requires_authentication
viki.com/, entertainment, yes, yes, eba23eb9253d668bc24763ce39c4a3b51c5cdd8fd25b1c680cbd0cf2294e8039, hashing, get, www.facebook.com, requires_authentication
