,first_party,pageref,third_party,http_method,leak_method,encoding,plain_pii,raw_pii,where,key,value
0,,,,,,,,,,,
1,roblox.com,,,,,,,,,,
2,steamcommunity.com,,,,,,,,,,
3,itch.io,,,,,,,,,,
4,lichess.org,,,,,,,,,,
5,worldoftanks.com,,,,,,,,,,
6,worldoftanks.com,http://rdr.wargaming.net/lv7keumo/?pub_id=cmenu_direct&utm_source=global-nav&utm_medium=link&utm_campaign=wgnp&_gl=1*143sil*_gcl_au*ODkzNDE0Mi4xNjk1MTg3ODEw*_ga*MTg4ODIxNzQ4Ni4xNjk1MTg3ODEz*_ga_BWRKLL4HR5*MTY5NTE4NzgxMi4xLjAuMTY5NTE4NzgxMi4wLjAuMA..&_ga=2.203377686.648449583.1695187813-1888217486.1695187813,na.wargaming.net,POST,header,plaintext,roger,,value,value,/personal/account/nicknames/rogernadal322/
7,worldoftanks.com,http://rdr.wargaming.net/lv7keumo/?pub_id=cmenu_direct&utm_source=global-nav&utm_medium=link&utm_campaign=wgnp&_gl=1*143sil*_gcl_au*ODkzNDE0Mi4xNjk1MTg3ODEw*_ga*MTg4ODIxNzQ4Ni4xNjk1MTg3ODEz*_ga_BWRKLL4HR5*MTY5NTE4NzgxMi4xLjAuMTY5NTE4NzgxMi4wLjAuMA..&_ga=2.203377686.648449583.1695187813-1888217486.1695187813,na.wargaming.net,POST,header,plaintext,nadal,,value,value,/personal/account/nicknames/rogernadal322/
8,worldoftanks.com,http://rdr.wargaming.net/lv7keumo/?pub_id=cmenu_direct&utm_source=global-nav&utm_medium=link&utm_campaign=wgnp&_gl=1*143sil*_gcl_au*ODkzNDE0Mi4xNjk1MTg3ODEw*_ga*MTg4ODIxNzQ4Ni4xNjk1MTg3ODEz*_ga_BWRKLL4HR5*MTY5NTE4NzgxMi4xLjAuMTY5NTE4NzgxMi4wLjAuMA..&_ga=2.203377686.648449583.1695187813-1888217486.1695187813,na.wargaming.net,POST,header,plaintext,rogernadal,,value,value,/personal/account/nicknames/rogernadal322/
9,worldoftanks.com,http://rdr.wargaming.net/lv7keumo/?pub_id=cmenu_direct&utm_source=global-nav&utm_medium=link&utm_campaign=wgnp&_gl=1*143sil*_gcl_au*ODkzNDE0Mi4xNjk1MTg3ODEw*_ga*MTg4ODIxNzQ4Ni4xNjk1MTg3ODEz*_ga_BWRKLL4HR5*MTY5NTE4NzgxMi4xLjAuMTY5NTE4NzgxMi4wLjAuMA..&_ga=2.203377686.648449583.1695187813-1888217486.1695187813,na.wargaming.net,POST,header,plaintext,rogernadal322,,value,value,/personal/account/nicknames/rogernadal322/
10,worldoftanks.com,http://rdr.wargaming.net/lv7keumo/?pub_id=cmenu_direct&utm_source=global-nav&utm_medium=link&utm_campaign=wgnp&_gl=1*143sil*_gcl_au*ODkzNDE0Mi4xNjk1MTg3ODEw*_ga*MTg4ODIxNzQ4Ni4xNjk1MTg3ODEz*_ga_BWRKLL4HR5*MTY5NTE4NzgxMi4xLjAuMTY5NTE4NzgxMi4wLjAuMA..&_ga=2.203377686.648449583.1695187813-1888217486.1695187813,na.wargaming.net,POST,post,plaintext,roger,,body,application/x-www-form-urlencoded; charset=UTF-8,suggestions=1&email=rogernadal322%40gmail.com
11,worldoftanks.com,http://rdr.wargaming.net/lv7keumo/?pub_id=cmenu_direct&utm_source=global-nav&utm_medium=link&utm_campaign=wgnp&_gl=1*143sil*_gcl_au*ODkzNDE0Mi4xNjk1MTg3ODEw*_ga*MTg4ODIxNzQ4Ni4xNjk1MTg3ODEz*_ga_BWRKLL4HR5*MTY5NTE4NzgxMi4xLjAuMTY5NTE4NzgxMi4wLjAuMA..&_ga=2.203377686.648449583.1695187813-1888217486.1695187813,na.wargaming.net,POST,post,plaintext,nadal,,body,application/x-www-form-urlencoded; charset=UTF-8,suggestions=1&email=rogernadal322%40gmail.com
12,worldoftanks.com,http://rdr.wargaming.net/lv7keumo/?pub_id=cmenu_direct&utm_source=global-nav&utm_medium=link&utm_campaign=wgnp&_gl=1*143sil*_gcl_au*ODkzNDE0Mi4xNjk1MTg3ODEw*_ga*MTg4ODIxNzQ4Ni4xNjk1MTg3ODEz*_ga_BWRKLL4HR5*MTY5NTE4NzgxMi4xLjAuMTY5NTE4NzgxMi4wLjAuMA..&_ga=2.203377686.648449583.1695187813-1888217486.1695187813,na.wargaming.net,POST,post,plaintext,rogernadal,,body,application/x-www-form-urlencoded; charset=UTF-8,suggestions=1&email=rogernadal322%40gmail.com
13,worldoftanks.com,http://rdr.wargaming.net/lv7keumo/?pub_id=cmenu_direct&utm_source=global-nav&utm_medium=link&utm_campaign=wgnp&_gl=1*143sil*_gcl_au*ODkzNDE0Mi4xNjk1MTg3ODEw*_ga*MTg4ODIxNzQ4Ni4xNjk1MTg3ODEz*_ga_BWRKLL4HR5*MTY5NTE4NzgxMi4xLjAuMTY5NTE4NzgxMi4wLjAuMA..&_ga=2.203377686.648449583.1695187813-1888217486.1695187813,na.wargaming.net,POST,post,plaintext,rogernadal322,,body,application/x-www-form-urlencoded; charset=UTF-8,suggestions=1&email=rogernadal322%40gmail.com
14,worldoftanks.com,http://rdr.wargaming.net/lv7keumo/?pub_id=cmenu_direct&utm_source=global-nav&utm_medium=link&utm_campaign=wgnp&_gl=1*143sil*_gcl_au*ODkzNDE0Mi4xNjk1MTg3ODEw*_ga*MTg4ODIxNzQ4Ni4xNjk1MTg3ODEz*_ga_BWRKLL4HR5*MTY5NTE4NzgxMi4xLjAuMTY5NTE4NzgxMi4wLjAuMA..&_ga=2.203377686.648449583.1695187813-1888217486.1695187813,www.facebook.com,GET,get,sha256,rogernadal322@gmail.com,,value,value,eba23eb9253d668bc24763ce39c4a3b51c5cdd8fd25b1c680cbd0cf2294e8039
15,worldoftanks.com,http://rdr.wargaming.net/lv7keumo/?pub_id=cmenu_direct&utm_source=global-nav&utm_medium=link&utm_campaign=wgnp&_gl=1*143sil*_gcl_au*ODkzNDE0Mi4xNjk1MTg3ODEw*_ga*MTg4ODIxNzQ4Ni4xNjk1MTg3ODEz*_ga_BWRKLL4HR5*MTY5NTE4NzgxMi4xLjAuMTY5NTE4NzgxMi4wLjAuMA..&_ga=2.203377686.648449583.1695187813-1888217486.1695187813,www.facebook.com,GET,header,sha256,rogernadal322@gmail.com,,value,value,/tr/?id=1718251885070520&ev=LoginOrRegistrationFormFilled&dl=https%3A%2F%2Fna.wargaming.net%2Fregistration%2Fen%2F%3Fpub_id%3Dcmenu_direct%26utm_source%3Dwg_web_site%26utm_medium%3Dorganic%26utm_campaign%3Dorganic-us-cross-wgn%26_gl%3D1*143sil*_gcl_au*ODkzNDE0Mi4xNjk1MTg3ODEw*_ga*MTg4ODIxNzQ4Ni4xNjk1MTg3ODEz*_ga_BWRKLL4HR5*MTY5NTE4NzgxMi4xLjAuMTY5NTE4NzgxMi4wLjAuMA..%26_ga%3D2.203377686.648449583.1695187813-1888217486.1695187813%26sid%3DSIDjBPorz0VhB0IBd7RGBn0brN3Xz9vfh56fQEBWKTDtLB8gkXp8_1pLgpluCIdJQ8fsIgCAKSKfBLsk_TfeHrYhwDsUQeWxq9ydCgpxcsw6c1sOmMxF9Mfll6tzsbNNQ%26enctid%3Dcvnhxfi5qve0%26lpsn%3DWGN%2BReg%2BFull%2BNA%26foris%3D0%26teclient%3D1695187815388202207%26utm_content%3Dcmenu_direct&rl=&if=false&ts=1695187843094&sw=2048&sh=1152&udff[em]=eba23eb9253d668bc24763ce39c4a3b51c5cdd8fd25b1c680cbd0cf2294e8039&v=2.9.127&r=stable&ec=3&o=2078&fbp=fb.1.1695187828120.185276310&it=1695187827858&coo=false&dpo=LDU&dpoco=0&dpost=0&rqm=GET
16,worldoftanks.com,http://rdr.wargaming.net/lv7keumo/?pub_id=cmenu_direct&utm_source=global-nav&utm_medium=link&utm_campaign=wgnp&_gl=1*143sil*_gcl_au*ODkzNDE0Mi4xNjk1MTg3ODEw*_ga*MTg4ODIxNzQ4Ni4xNjk1MTg3ODEz*_ga_BWRKLL4HR5*MTY5NTE4NzgxMi4xLjAuMTY5NTE4NzgxMi4wLjAuMA..&_ga=2.203377686.648449583.1695187813-1888217486.1695187813,na.wargaming.net,POST,post,plaintext,roger,,body,application/x-www-form-urlencoded; charset=UTF-8,pow=3860&login=rogernadal322%40gmail.com&name=rogernadal322&password=123Andy%23%21000&re_password=123Andy%23%21000&eula=on&consents=wg_account_wows&consents=wg_account_wowp&consents=wg_account_wotconsole&consents=wg_account_wotb&consents=wg_account_wot&consents=wg_account_twa&consents=wg_account_steel&consents=wg_account_sdvtw&consents=wg_account_pagan&consents=wg_account_glasswars&consents=wg_account_caliber&consents=surveys&consents=steel_division_2&consents=online_events_wowsl&consents=online_events_wows&consents=online_events_wowp&consents=online_events_wotconsole&consents=online_events_wotb&consents=online_events_wot&consents=online_events_twa&consents=online_events_steel&consents=online_events_sdvtw&consents=online_events_pagan&consents=online_events_caliber&consents=customer_support_events&consents=wg_account_wowsl&consents=sms_marketing&consents=offline_events&consents=no_wg_account&consents=co_projects&subscr=on&ga_clientid=1888217486.1695187813&te_clientid=1695187815388202207&form_token=bb9d20ce7671adb84ddb3a4a10011f51&feconf=%7B%22form_type%22%3A%22desktop%22%2C%22form_width%22%3A1032%2C%22form_height%22%3A586%7D&country_code=US
17,worldoftanks.com,http://rdr.wargaming.net/lv7keumo/?pub_id=cmenu_direct&utm_source=global-nav&utm_medium=link&utm_campaign=wgnp&_gl=1*143sil*_gcl_au*ODkzNDE0Mi4xNjk1MTg3ODEw*_ga*MTg4ODIxNzQ4Ni4xNjk1MTg3ODEz*_ga_BWRKLL4HR5*MTY5NTE4NzgxMi4xLjAuMTY5NTE4NzgxMi4wLjAuMA..&_ga=2.203377686.648449583.1695187813-1888217486.1695187813,na.wargaming.net,POST,post,plaintext,nadal,,body,application/x-www-form-urlencoded; charset=UTF-8,pow=3860&login=rogernadal322%40gmail.com&name=rogernadal322&password=123Andy%23%21000&re_password=123Andy%23%21000&eula=on&consents=wg_account_wows&consents=wg_account_wowp&consents=wg_account_wotconsole&consents=wg_account_wotb&consents=wg_account_wot&consents=wg_account_twa&consents=wg_account_steel&consents=wg_account_sdvtw&consents=wg_account_pagan&consents=wg_account_glasswars&consents=wg_account_caliber&consents=surveys&consents=steel_division_2&consents=online_events_wowsl&consents=online_events_wows&consents=online_events_wowp&consents=online_events_wotconsole&consents=online_events_wotb&consents=online_events_wot&consents=online_events_twa&consents=online_events_steel&consents=online_events_sdvtw&consents=online_events_pagan&consents=online_events_caliber&consents=customer_support_events&consents=wg_account_wowsl&consents=sms_marketing&consents=offline_events&consents=no_wg_account&consents=co_projects&subscr=on&ga_clientid=1888217486.1695187813&te_clientid=1695187815388202207&form_token=bb9d20ce7671adb84ddb3a4a10011f51&feconf=%7B%22form_type%22%3A%22desktop%22%2C%22form_width%22%3A1032%2C%22form_height%22%3A586%7D&country_code=US
18,worldoftanks.com,http://rdr.wargaming.net/lv7keumo/?pub_id=cmenu_direct&utm_source=global-nav&utm_medium=link&utm_campaign=wgnp&_gl=1*143sil*_gcl_au*ODkzNDE0Mi4xNjk1MTg3ODEw*_ga*MTg4ODIxNzQ4Ni4xNjk1MTg3ODEz*_ga_BWRKLL4HR5*MTY5NTE4NzgxMi4xLjAuMTY5NTE4NzgxMi4wLjAuMA..&_ga=2.203377686.648449583.1695187813-1888217486.1695187813,na.wargaming.net,POST,post,plaintext,rogernadal,,body,application/x-www-form-urlencoded; charset=UTF-8,pow=3860&login=rogernadal322%40gmail.com&name=rogernadal322&password=123Andy%23%21000&re_password=123Andy%23%21000&eula=on&consents=wg_account_wows&consents=wg_account_wowp&consents=wg_account_wotconsole&consents=wg_account_wotb&consents=wg_account_wot&consents=wg_account_twa&consents=wg_account_steel&consents=wg_account_sdvtw&consents=wg_account_pagan&consents=wg_account_glasswars&consents=wg_account_caliber&consents=surveys&consents=steel_division_2&consents=online_events_wowsl&consents=online_events_wows&consents=online_events_wowp&consents=online_events_wotconsole&consents=online_events_wotb&consents=online_events_wot&consents=online_events_twa&consents=online_events_steel&consents=online_events_sdvtw&consents=online_events_pagan&consents=online_events_caliber&consents=customer_support_events&consents=wg_account_wowsl&consents=sms_marketing&consents=offline_events&consents=no_wg_account&consents=co_projects&subscr=on&ga_clientid=1888217486.1695187813&te_clientid=1695187815388202207&form_token=bb9d20ce7671adb84ddb3a4a10011f51&feconf=%7B%22form_type%22%3A%22desktop%22%2C%22form_width%22%3A1032%2C%22form_height%22%3A586%7D&country_code=US
19,worldoftanks.com,http://rdr.wargaming.net/lv7keumo/?pub_id=cmenu_direct&utm_source=global-nav&utm_medium=link&utm_campaign=wgnp&_gl=1*143sil*_gcl_au*ODkzNDE0Mi4xNjk1MTg3ODEw*_ga*MTg4ODIxNzQ4Ni4xNjk1MTg3ODEz*_ga_BWRKLL4HR5*MTY5NTE4NzgxMi4xLjAuMTY5NTE4NzgxMi4wLjAuMA..&_ga=2.203377686.648449583.1695187813-1888217486.1695187813,na.wargaming.net,POST,post,plaintext,rogernadal322,,body,application/x-www-form-urlencoded; charset=UTF-8,pow=3860&login=rogernadal322%40gmail.com&name=rogernadal322&password=123Andy%23%21000&re_password=123Andy%23%21000&eula=on&consents=wg_account_wows&consents=wg_account_wowp&consents=wg_account_wotconsole&consents=wg_account_wotb&consents=wg_account_wot&consents=wg_account_twa&consents=wg_account_steel&consents=wg_account_sdvtw&consents=wg_account_pagan&consents=wg_account_glasswars&consents=wg_account_caliber&consents=surveys&consents=steel_division_2&consents=online_events_wowsl&consents=online_events_wows&consents=online_events_wowp&consents=online_events_wotconsole&consents=online_events_wotb&consents=online_events_wot&consents=online_events_twa&consents=online_events_steel&consents=online_events_sdvtw&consents=online_events_pagan&consents=online_events_caliber&consents=customer_support_events&consents=wg_account_wowsl&consents=sms_marketing&consents=offline_events&consents=no_wg_account&consents=co_projects&subscr=on&ga_clientid=1888217486.1695187813&te_clientid=1695187815388202207&form_token=bb9d20ce7671adb84ddb3a4a10011f51&feconf=%7B%22form_type%22%3A%22desktop%22%2C%22form_width%22%3A1032%2C%22form_height%22%3A586%7D&country_code=US
